Matrix Type,TH,IF,Stego PSNR,Extracted PSNR
Sylvester_Hadamard,10,0.050,48.80,20.77
Sylvester_Hadamard,10,0.060,46.99,20.33
Sylvester_Hadamard,10,0.070,45.22,14.12
Sylvester_Hadamard,10,0.080,43.65,9.44
Sylvester_Hadamard,10,0.090,42.27,7.84
Sylvester_Hadamard,10,0.100,41.03,8.11
Sylvester_Hadamard,10,0.110,39.96,8.87
Sylvester_Hadamard,10,0.120,38.98,9.61
Sylvester_Hadamard,10,0.130,38.11,10.28
Sylvester_Hadamard,10,0.140,37.30,10.65
Sylvester_Hadamard,10,0.150,36.55,9.65
Sylvester_Hadamard,10,0.160,35.87,7.80
Sylvester_Hadamard,10,0.170,35.23,6.98
Sylvester_Hadamard,10,0.180,34.63,7.19
Sylvester_Hadamard,10,0.190,34.06,7.64
Sylvester_Hadamard,10,0.200,33.54,8.08
Sylvester_Hadamard,10,0.210,33.04,8.50
Sylvester_Hadamard,10,0.220,32.59,8.71
Sylvester_Hadamard,10,0.230,32.14,8.18
Sylvester_Hadamard,10,0.240,31.71,7.08
Sylvester_Hadamard,10,0.250,31.32,6.68
Sylvester_Hadamard,10,0.260,30.94,6.85
Sylvester_Hadamard,10,0.270,30.54,7.18
Sylvester_Hadamard,10,0.280,30.21,7.47
Sylvester_Hadamard,10,0.290,29.86,7.78
Sylvester_Hadamard,10,0.300,29.53,7.93
Sylvester_Hadamard,15,0.050,47.48,20.81
Sylvester_Hadamard,15,0.060,46.78,22.45
Sylvester_Hadamard,15,0.070,45.70,23.86
Sylvester_Hadamard,15,0.080,44.40,24.86
Sylvester_Hadamard,15,0.090,43.16,25.70
Sylvester_Hadamard,15,0.100,41.97,21.31
Sylvester_Hadamard,15,0.110,40.84,13.55
Sylvester_Hadamard,15,0.120,39.85,8.92
Sylvester_Hadamard,15,0.130,38.92,7.38
Sylvester_Hadamard,15,0.140,38.06,7.52
Sylvester_Hadamard,15,0.150,37.28,8.06
Sylvester_Hadamard,15,0.160,36.56,8.61
Sylvester_Hadamard,15,0.170,35.88,9.14
Sylvester_Hadamard,15,0.180,35.27,9.62
Sylvester_Hadamard,15,0.190,34.66,10.11
Sylvester_Hadamard,15,0.200,34.12,10.54
Sylvester_Hadamard,15,0.210,33.60,10.95
Sylvester_Hadamard,15,0.220,33.09,10.93
Sylvester_Hadamard,15,0.230,32.63,9.51
Sylvester_Hadamard,15,0.240,32.19,7.51
Sylvester_Hadamard,15,0.250,31.77,6.76
Sylvester_Hadamard,15,0.260,31.36,6.86
Sylvester_Hadamard,15,0.270,30.97,7.17
Sylvester_Hadamard,15,0.280,30.60,7.49
Sylvester_Hadamard,15,0.290,30.25,7.78
Sylvester_Hadamard,15,0.300,29.91,8.08
Sylvester_Hadamard,20,0.050,45.52,20.85
Sylvester_Hadamard,20,0.060,45.48,22.45
Sylvester_Hadamard,20,0.070,45.05,23.86
Sylvester_Hadamard,20,0.080,44.28,24.93
Sylvester_Hadamard,20,0.090,43.30,26.00
Sylvester_Hadamard,20,0.100,42.33,26.72
Sylvester_Hadamard,20,0.110,41.26,27.53
Sylvester_Hadamard,20,0.120,40.34,28.09
Sylvester_Hadamard,20,0.130,39.41,28.38
Sylvester_Hadamard,20,0.140,38.56,20.92
Sylvester_Hadamard,20,0.150,37.76,13.16
Sylvester_Hadamard,20,0.160,37.03,8.61
Sylvester_Hadamard,20,0.170,36.34,7.14
Sylvester_Hadamard,20,0.180,35.69,7.20
Sylvester_Hadamard,20,0.190,35.11,7.62
Sylvester_Hadamard,20,0.200,34.52,8.07
Sylvester_Hadamard,20,0.210,33.98,8.50
Sylvester_Hadamard,20,0.220,33.49,8.88
Sylvester_Hadamard,20,0.230,33.00,9.28
Sylvester_Hadamard,20,0.240,32.54,9.65
Sylvester_Hadamard,20,0.250,32.10,10.00
Sylvester_Hadamard,20,0.260,31.69,10.33
Sylvester_Hadamard,20,0.270,31.30,10.65
Sylvester_Hadamard,20,0.280,30.92,10.97
Sylvester_Hadamard,20,0.290,30.55,11.23
Sylvester_Hadamard,20,0.300,30.19,11.04
Sylvester_Hadamard,25,0.050,43.77,20.78
Sylvester_Hadamard,25,0.060,44.04,22.41
Sylvester_Hadamard,25,0.070,43.96,23.77
Sylvester_Hadamard,25,0.080,43.54,24.95
Sylvester_Hadamard,25,0.090,42.93,26.10
Sylvester_Hadamard,25,0.100,42.14,26.92
Sylvester_Hadamard,25,0.110,41.26,27.71
Sylvester_Hadamard,25,0.120,40.40,28.48
Sylvester_Hadamard,25,0.130,39.57,29.16
Sylvester_Hadamard,25,0.140,38.75,29.84
Sylvester_Hadamard,25,0.150,38.00,30.39
Sylvester_Hadamard,25,0.160,37.26,31.00
Sylvester_Hadamard,25,0.170,36.59,30.03
Sylvester_Hadamard,25,0.180,35.94,21.70
Sylvester_Hadamard,25,0.190,35.32,12.65
Sylvester_Hadamard,25,0.200,34.76,8.36
Sylvester_Hadamard,25,0.210,34.22,6.96
Sylvester_Hadamard,25,0.220,33.71,6.99
Sylvester_Hadamard,25,0.230,33.23,7.36
Sylvester_Hadamard,25,0.240,32.77,7.72
Sylvester_Hadamard,25,0.250,32.32,8.08
Sylvester_Hadamard,25,0.260,31.91,8.39
Sylvester_Hadamard,25,0.270,31.48,8.76
Sylvester_Hadamard,25,0.280,31.11,9.05
Sylvester_Hadamard,25,0.290,30.72,9.37
Sylvester_Hadamard,25,0.300,30.38,9.65
Sylvester_Hadamard,30,0.050,42.54,20.92
Sylvester_Hadamard,30,0.060,42.86,22.51
Sylvester_Hadamard,30,0.070,42.91,23.79
Sylvester_Hadamard,30,0.080,42.74,25.03
Sylvester_Hadamard,30,0.090,42.30,25.94
Sylvester_Hadamard,30,0.100,41.74,26.87
Sylvester_Hadamard,30,0.110,41.01,27.62
Sylvester_Hadamard,30,0.120,40.27,28.52
Sylvester_Hadamard,30,0.130,39.53,29.18
Sylvester_Hadamard,30,0.140,38.79,29.77
Sylvester_Hadamard,30,0.150,38.07,30.33
Sylvester_Hadamard,30,0.160,37.38,31.04
Sylvester_Hadamard,30,0.170,36.72,31.42
Sylvester_Hadamard,30,0.180,36.07,31.99
Sylvester_Hadamard,30,0.190,35.48,32.45
Sylvester_Hadamard,30,0.200,34.91,32.85
Sylvester_Hadamard,30,0.210,34.37,28.92
Sylvester_Hadamard,30,0.220,33.86,19.83
Sylvester_Hadamard,30,0.230,33.37,12.27
Sylvester_Hadamard,30,0.240,32.91,8.10
Sylvester_Hadamard,30,0.250,32.48,6.84
Sylvester_Hadamard,30,0.260,32.05,6.87
Sylvester_Hadamard,30,0.270,31.64,7.16
Sylvester_Hadamard,30,0.280,31.25,7.48
Sylvester_Hadamard,30,0.290,30.87,7.79
Sylvester_Hadamard,30,0.300,30.51,8.08
Sylvester_Hadamard,35,0.050,41.36,20.89
Sylvester_Hadamard,35,0.060,41.69,22.43
Sylvester_Hadamard,35,0.070,41.89,23.76
Sylvester_Hadamard,35,0.080,41.81,24.89
Sylvester_Hadamard,35,0.090,41.58,25.90
Sylvester_Hadamard,35,0.100,41.17,26.89
Sylvester_Hadamard,35,0.110,40.61,27.73
Sylvester_Hadamard,35,0.120,40.02,28.60
Sylvester_Hadamard,35,0.130,39.38,29.13
Sylvester_Hadamard,35,0.140,38.70,29.81
Sylvester_Hadamard,35,0.150,38.04,30.33
Sylvester_Hadamard,35,0.160,37.39,30.86
Sylvester_Hadamard,35,0.170,36.76,31.43
Sylvester_Hadamard,35,0.180,36.15,31.93
Sylvester_Hadamard,35,0.190,35.54,32.48
Sylvester_Hadamard,35,0.200,35.00,32.88
Sylvester_Hadamard,35,0.210,34.48,33.31
Sylvester_Hadamard,35,0.220,33.97,33.67
Sylvester_Hadamard,35,0.230,33.49,34.05
Sylvester_Hadamard,35,0.240,33.02,33.75
Sylvester_Hadamard,35,0.250,32.59,30.62
Sylvester_Hadamard,35,0.260,32.16,19.50
Sylvester_Hadamard,35,0.270,31.75,11.72
Sylvester_Hadamard,35,0.280,31.36,7.96
Sylvester_Hadamard,35,0.290,30.99,6.75
Sylvester_Hadamard,35,0.300,30.63,6.77
Sylvester_Hadamard,40,0.050,40.52,20.86
Sylvester_Hadamard,40,0.060,40.86,22.51
Sylvester_Hadamard,40,0.070,41.04,23.72
Sylvester_Hadamard,40,0.080,41.07,25.04
Sylvester_Hadamard,40,0.090,40.94,25.91
Sylvester_Hadamard,40,0.100,40.67,26.93
Sylvester_Hadamard,40,0.110,40.21,27.74
Sylvester_Hadamard,40,0.120,39.70,28.47
Sylvester_Hadamard,40,0.130,39.15,29.11
Sylvester_Hadamard,40,0.140,38.56,29.62
Sylvester_Hadamard,40,0.150,37.95,30.32
Sylvester_Hadamard,40,0.160,37.30,30.80
Sylvester_Hadamard,40,0.170,36.74,31.53
Sylvester_Hadamard,40,0.180,36.14,31.92
Sylvester_Hadamard,40,0.190,35.58,32.37
Sylvester_Hadamard,40,0.200,35.05,32.85
Sylvester_Hadamard,40,0.210,34.52,33.39
Sylvester_Hadamard,40,0.220,34.02,33.70
Sylvester_Hadamard,40,0.230,33.55,33.97
Sylvester_Hadamard,40,0.240,33.09,34.32
Sylvester_Hadamard,40,0.250,32.66,34.76
Sylvester_Hadamard,40,0.260,32.23,35.07
Sylvester_Hadamard,40,0.270,31.83,35.40
Sylvester_Hadamard,40,0.280,31.44,34.91
Sylvester_Hadamard,40,0.290,31.07,29.01
Sylvester_Hadamard,40,0.300,30.71,19.41
Sylvester_Hadamard,45,0.050,40.02,20.83
Sylvester_Hadamard,45,0.060,40.39,22.38
Sylvester_Hadamard,45,0.070,40.56,23.77
Sylvester_Hadamard,45,0.080,40.63,24.94
Sylvester_Hadamard,45,0.090,40.55,25.94
Sylvester_Hadamard,45,0.100,40.29,26.81
Sylvester_Hadamard,45,0.110,39.94,27.72
Sylvester_Hadamard,45,0.120,39.47,28.40
Sylvester_Hadamard,45,0.130,38.96,29.02
Sylvester_Hadamard,45,0.140,38.41,29.76
Sylvester_Hadamard,45,0.150,37.82,30.30
Sylvester_Hadamard,45,0.160,37.23,30.89
Sylvester_Hadamard,45,0.170,36.65,31.35
Sylvester_Hadamard,45,0.180,36.12,31.94
Sylvester_Hadamard,45,0.190,35.55,32.45
Sylvester_Hadamard,45,0.200,35.02,32.79
Sylvester_Hadamard,45,0.210,34.52,33.34
Sylvester_Hadamard,45,0.220,34.03,33.68
Sylvester_Hadamard,45,0.230,33.54,34.08
Sylvester_Hadamard,45,0.240,33.10,34.42
Sylvester_Hadamard,45,0.250,32.67,34.72
Sylvester_Hadamard,45,0.260,32.24,35.12
Sylvester_Hadamard,45,0.270,31.85,35.43
Sylvester_Hadamard,45,0.280,31.46,35.78
Sylvester_Hadamard,45,0.290,31.09,36.02
Sylvester_Hadamard,45,0.300,30.73,36.30
Sylvester_Hadamard,50,0.050,39.31,20.85
Sylvester_Hadamard,50,0.060,39.63,22.37
Sylvester_Hadamard,50,0.070,39.85,23.76
Sylvester_Hadamard,50,0.080,39.97,24.93
Sylvester_Hadamard,50,0.090,39.92,25.97
Sylvester_Hadamard,50,0.100,39.74,26.87
Sylvester_Hadamard,50,0.110,39.47,27.71
Sylvester_Hadamard,50,0.120,39.09,28.47
Sylvester_Hadamard,50,0.130,38.66,29.09
Sylvester_Hadamard,50,0.140,38.15,29.83
Sylvester_Hadamard,50,0.150,37.61,30.47
Sylvester_Hadamard,50,0.160,37.11,31.00
Sylvester_Hadamard,50,0.170,36.54,31.43
Sylvester_Hadamard,50,0.180,36.03,31.95
Sylvester_Hadamard,50,0.190,35.48,32.43
Sylvester_Hadamard,50,0.200,35.00,32.92
Sylvester_Hadamard,50,0.210,34.51,33.39
Sylvester_Hadamard,50,0.220,34.03,33.63
Sylvester_Hadamard,50,0.230,33.56,33.98
Sylvester_Hadamard,50,0.240,33.10,34.41
Sylvester_Hadamard,50,0.250,32.68,34.81
Sylvester_Hadamard,50,0.260,32.28,35.24
Sylvester_Hadamard,50,0.270,31.88,35.31
Sylvester_Hadamard,50,0.280,31.48,35.78
Sylvester_Hadamard,50,0.290,31.12,36.11
Sylvester_Hadamard,50,0.300,30.77,36.26
Walsh_Hadamard,10,0.050,49.37,20.80
Walsh_Hadamard,10,0.060,47.82,20.43
Walsh_Hadamard,10,0.070,46.06,14.03
Walsh_Hadamard,10,0.080,44.41,9.37
Walsh_Hadamard,10,0.090,42.99,7.79
Walsh_Hadamard,10,0.100,41.67,8.11
Walsh_Hadamard,10,0.110,40.56,8.84
Walsh_Hadamard,10,0.120,39.51,9.60
Walsh_Hadamard,10,0.130,38.57,10.30
Walsh_Hadamard,10,0.140,37.73,10.64
Walsh_Hadamard,10,0.150,36.97,9.72
Walsh_Hadamard,10,0.160,36.23,7.76
Walsh_Hadamard,10,0.170,35.57,6.98
Walsh_Hadamard,10,0.180,34.95,7.19
Walsh_Hadamard,10,0.190,34.38,7.63
Walsh_Hadamard,10,0.200,33.85,8.07
Walsh_Hadamard,10,0.210,33.33,8.49
Walsh_Hadamard,10,0.220,32.83,8.74
Walsh_Hadamard,10,0.230,32.39,8.16
Walsh_Hadamard,10,0.240,31.95,7.14
Walsh_Hadamard,10,0.250,31.54,6.68
Walsh_Hadamard,10,0.260,31.14,6.85
Walsh_Hadamard,10,0.270,30.77,7.16
Walsh_Hadamard,10,0.280,30.42,7.46
Walsh_Hadamard,10,0.290,30.05,7.77
Walsh_Hadamard,10,0.300,29.73,7.91
Walsh_Hadamard,15,0.050,46.95,20.88
Walsh_Hadamard,15,0.060,47.04,22.53
Walsh_Hadamard,15,0.070,46.60,23.72
Walsh_Hadamard,15,0.080,45.62,24.91
Walsh_Hadamard,15,0.090,44.39,25.60
Walsh_Hadamard,15,0.100,43.19,21.36
Walsh_Hadamard,15,0.110,42.02,13.84
Walsh_Hadamard,15,0.120,40.91,8.93
Walsh_Hadamard,15,0.130,39.92,7.38
Walsh_Hadamard,15,0.140,38.96,7.54
Walsh_Hadamard,15,0.150,38.13,8.06
Walsh_Hadamard,15,0.160,37.36,8.62
Walsh_Hadamard,15,0.170,36.62,9.14
Walsh_Hadamard,15,0.180,35.95,9.63
Walsh_Hadamard,15,0.190,35.32,10.10
Walsh_Hadamard,15,0.200,34.72,10.55
Walsh_Hadamard,15,0.210,34.17,10.96
Walsh_Hadamard,15,0.220,33.65,10.98
Walsh_Hadamard,15,0.230,33.15,9.48
Walsh_Hadamard,15,0.240,32.69,7.56
Walsh_Hadamard,15,0.250,32.24,6.74
Walsh_Hadamard,15,0.260,31.81,6.86
Walsh_Hadamard,15,0.270,31.41,7.17
Walsh_Hadamard,15,0.280,31.02,7.48
Walsh_Hadamard,15,0.290,30.65,7.78
Walsh_Hadamard,15,0.300,30.30,8.07
Walsh_Hadamard,20,0.050,43.54,20.84
Walsh_Hadamard,20,0.060,44.26,22.51
Walsh_Hadamard,20,0.070,44.60,23.72
Walsh_Hadamard,20,0.080,44.73,24.92
Walsh_Hadamard,20,0.090,44.34,26.00
Walsh_Hadamard,20,0.100,43.68,26.89
Walsh_Hadamard,20,0.110,42.81,27.48
Walsh_Hadamard,20,0.120,41.90,28.48
Walsh_Hadamard,20,0.130,41.00,28.40
Walsh_Hadamard,20,0.140,40.10,21.55
Walsh_Hadamard,20,0.150,39.20,13.01
Walsh_Hadamard,20,0.160,38.41,8.55
Walsh_Hadamard,20,0.170,37.64,7.15
Walsh_Hadamard,20,0.180,36.92,7.21
Walsh_Hadamard,20,0.190,36.25,7.63
Walsh_Hadamard,20,0.200,35.62,8.08
Walsh_Hadamard,20,0.210,35.03,8.50
Walsh_Hadamard,20,0.220,34.48,8.90
Walsh_Hadamard,20,0.230,33.93,9.29
Walsh_Hadamard,20,0.240,33.44,9.65
Walsh_Hadamard,20,0.250,32.96,10.00
Walsh_Hadamard,20,0.260,32.51,10.34
Walsh_Hadamard,20,0.270,32.08,10.67
Walsh_Hadamard,20,0.280,31.66,10.98
Walsh_Hadamard,20,0.290,31.27,11.26
Walsh_Hadamard,20,0.300,30.90,11.01
Walsh_Hadamard,25,0.050,40.97,20.86
Walsh_Hadamard,25,0.060,41.71,22.41
Walsh_Hadamard,25,0.070,42.29,23.71
Walsh_Hadamard,25,0.080,42.72,24.88
Walsh_Hadamard,25,0.090,42.91,25.93
Walsh_Hadamard,25,0.100,42.84,26.83
Walsh_Hadamard,25,0.110,42.56,27.73
Walsh_Hadamard,25,0.120,42.04,28.38
Walsh_Hadamard,25,0.130,41.39,29.28
Walsh_Hadamard,25,0.140,40.69,29.79
Walsh_Hadamard,25,0.150,39.94,30.43
Walsh_Hadamard,25,0.160,39.19,30.90
Walsh_Hadamard,25,0.170,38.43,29.75
Walsh_Hadamard,25,0.180,37.72,21.14
Walsh_Hadamard,25,0.190,37.02,12.38
Walsh_Hadamard,25,0.200,36.39,8.32
Walsh_Hadamard,25,0.210,35.81,6.96
Walsh_Hadamard,25,0.220,35.20,7.01
Walsh_Hadamard,25,0.230,34.67,7.35
Walsh_Hadamard,25,0.240,34.13,7.73
Walsh_Hadamard,25,0.250,33.62,8.08
Walsh_Hadamard,25,0.260,33.13,8.43
Walsh_Hadamard,25,0.270,32.70,8.74
Walsh_Hadamard,25,0.280,32.26,9.06
Walsh_Hadamard,25,0.290,31.86,9.35
Walsh_Hadamard,25,0.300,31.44,9.66
Walsh_Hadamard,30,0.050,38.77,20.76
Walsh_Hadamard,30,0.060,39.37,22.50
Walsh_Hadamard,30,0.070,39.96,23.68
Walsh_Hadamard,30,0.080,40.48,24.96
Walsh_Hadamard,30,0.090,40.89,26.02
Walsh_Hadamard,30,0.100,41.16,26.87
Walsh_Hadamard,30,0.110,41.29,27.70
Walsh_Hadamard,30,0.120,41.22,28.52
Walsh_Hadamard,30,0.130,40.97,29.18
Walsh_Hadamard,30,0.140,40.58,29.70
Walsh_Hadamard,30,0.150,40.12,30.39
Walsh_Hadamard,30,0.160,39.55,30.95
Walsh_Hadamard,30,0.170,38.96,31.48
Walsh_Hadamard,30,0.180,38.32,32.02
Walsh_Hadamard,30,0.190,37.71,32.34
Walsh_Hadamard,30,0.200,37.08,32.79
Walsh_Hadamard,30,0.210,36.49,30.91
Walsh_Hadamard,30,0.220,35.89,19.80
Walsh_Hadamard,30,0.230,35.34,12.22
Walsh_Hadamard,30,0.240,34.81,8.12
Walsh_Hadamard,30,0.250,34.30,6.84
Walsh_Hadamard,30,0.260,33.80,6.87
Walsh_Hadamard,30,0.270,33.34,7.17
Walsh_Hadamard,30,0.280,32.88,7.49
Walsh_Hadamard,30,0.290,32.46,7.78
Walsh_Hadamard,30,0.300,32.04,8.08
Walsh_Hadamard,35,0.050,37.23,20.82
Walsh_Hadamard,35,0.060,37.76,22.45
Walsh_Hadamard,35,0.070,38.29,23.90
Walsh_Hadamard,35,0.080,38.81,24.92
Walsh_Hadamard,35,0.090,39.26,25.94
Walsh_Hadamard,35,0.100,39.62,26.86
Walsh_Hadamard,35,0.110,39.90,27.73
Walsh_Hadamard,35,0.120,40.06,28.49
Walsh_Hadamard,35,0.130,40.11,29.20
Walsh_Hadamard,35,0.140,39.99,29.83
Walsh_Hadamard,35,0.150,39.78,30.42
Walsh_Hadamard,35,0.160,39.42,30.90
Walsh_Hadamard,35,0.170,38.99,31.52
Walsh_Hadamard,35,0.180,38.52,31.86
Walsh_Hadamard,35,0.190,37.97,32.48
Walsh_Hadamard,35,0.200,37.45,32.93
Walsh_Hadamard,35,0.210,36.89,33.34
Walsh_Hadamard,35,0.220,36.36,33.78
Walsh_Hadamard,35,0.230,35.82,34.09
Walsh_Hadamard,35,0.240,35.30,34.46
Walsh_Hadamard,35,0.250,34.79,29.83
Walsh_Hadamard,35,0.260,34.30,19.72
Walsh_Hadamard,35,0.270,33.83,11.93
Walsh_Hadamard,35,0.280,33.37,7.93
Walsh_Hadamard,35,0.290,32.94,6.75
Walsh_Hadamard,35,0.300,32.52,6.77
Walsh_Hadamard,40,0.050,35.74,20.83
Walsh_Hadamard,40,0.060,36.22,22.40
Walsh_Hadamard,40,0.070,36.70,23.83
Walsh_Hadamard,40,0.080,37.14,25.00
Walsh_Hadamard,40,0.090,37.59,25.99
Walsh_Hadamard,40,0.100,37.97,26.85
Walsh_Hadamard,40,0.110,38.31,27.67
Walsh_Hadamard,40,0.120,38.59,28.47
Walsh_Hadamard,40,0.130,38.78,29.23
Walsh_Hadamard,40,0.140,38.89,29.92
Walsh_Hadamard,40,0.150,38.85,30.35
Walsh_Hadamard,40,0.160,38.75,30.89
Walsh_Hadamard,40,0.170,38.53,31.45
Walsh_Hadamard,40,0.180,38.27,32.00
Walsh_Hadamard,40,0.190,37.90,32.41
Walsh_Hadamard,40,0.200,37.49,32.91
Walsh_Hadamard,40,0.210,37.06,33.28
Walsh_Hadamard,40,0.220,36.57,33.60
Walsh_Hadamard,40,0.230,36.13,34.03
Walsh_Hadamard,40,0.240,35.65,34.40
Walsh_Hadamard,40,0.250,35.18,34.69
Walsh_Hadamard,40,0.260,34.71,35.03
Walsh_Hadamard,40,0.270,34.24,35.36
Walsh_Hadamard,40,0.280,33.80,35.85
Walsh_Hadamard,40,0.290,33.39,31.41
Walsh_Hadamard,40,0.300,32.94,18.46
Walsh_Hadamard,45,0.050,34.55,20.74
Walsh_Hadamard,45,0.060,34.96,22.33
Walsh_Hadamard,45,0.070,35.38,23.81
Walsh_Hadamard,45,0.080,35.81,24.89
Walsh_Hadamard,45,0.090,36.21,25.97
Walsh_Hadamard,45,0.100,36.61,26.87
Walsh_Hadamard,45,0.110,36.98,27.58
Walsh_Hadamard,45,0.120,37.27,28.48
Walsh_Hadamard,45,0.130,37.55,29.24
Walsh_Hadamard,45,0.140,37.77,29.67
Walsh_Hadamard,45,0.150,37.91,30.34
Walsh_Hadamard,45,0.160,37.95,30.88
Walsh_Hadamard,45,0.170,37.89,31.38
Walsh_Hadamard,45,0.180,37.79,31.86
Walsh_Hadamard,45,0.190,37.60,32.41
Walsh_Hadamard,45,0.200,37.36,32.85
Walsh_Hadamard,45,0.210,37.03,33.29
Walsh_Hadamard,45,0.220,36.67,33.76
Walsh_Hadamard,45,0.230,36.32,34.26
Walsh_Hadamard,45,0.240,35.90,34.46
Walsh_Hadamard,45,0.250,35.47,34.82
Walsh_Hadamard,45,0.260,35.05,35.13
Walsh_Hadamard,45,0.270,34.63,35.44
Walsh_Hadamard,45,0.280,34.20,35.84
Walsh_Hadamard,45,0.290,33.78,36.00
Walsh_Hadamard,45,0.300,33.38,36.27
Walsh_Hadamard,50,0.050,33.52,20.91
Walsh_Hadamard,50,0.060,33.92,22.47
Walsh_Hadamard,50,0.070,34.29,23.77
Walsh_Hadamard,50,0.080,34.68,24.91
Walsh_Hadamard,50,0.090,35.04,25.97
Walsh_Hadamard,50,0.100,35.43,26.84
Walsh_Hadamard,50,0.110,35.78,27.72
Walsh_Hadamard,50,0.120,36.11,28.44
Walsh_Hadamard,50,0.130,36.39,29.05
Walsh_Hadamard,50,0.140,36.62,29.71
Walsh_Hadamard,50,0.150,36.83,30.46
Walsh_Hadamard,50,0.160,36.98,30.92
Walsh_Hadamard,50,0.170,37.07,31.43
Walsh_Hadamard,50,0.180,37.08,32.00
Walsh_Hadamard,50,0.190,36.99,32.32
Walsh_Hadamard,50,0.200,36.88,32.76
Walsh_Hadamard,50,0.210,36.70,33.34
Walsh_Hadamard,50,0.220,36.45,33.56
Walsh_Hadamard,50,0.230,36.19,34.01
Walsh_Hadamard,50,0.240,35.88,34.44
Walsh_Hadamard,50,0.250,35.52,34.73
Walsh_Hadamard,50,0.260,35.16,35.06
Walsh_Hadamard,50,0.270,34.79,35.31
Walsh_Hadamard,50,0.280,34.40,35.66
Walsh_Hadamard,50,0.290,34.02,35.94
Walsh_Hadamard,50,0.300,33.64,36.27
Debruijn,10,0.050,49.38,20.84
Debruijn,10,0.060,47.74,19.80
Debruijn,10,0.070,46.00,14.05
Debruijn,10,0.080,44.41,9.39
Debruijn,10,0.090,42.91,7.79
Debruijn,10,0.100,41.64,8.09
Debruijn,10,0.110,40.48,8.86
Debruijn,10,0.120,39.48,9.59
Debruijn,10,0.130,38.52,10.29
Debruijn,10,0.140,37.69,10.65
Debruijn,10,0.150,36.90,9.54
Debruijn,10,0.160,36.22,7.75
Debruijn,10,0.170,35.55,7.01
Debruijn,10,0.180,34.93,7.18
Debruijn,10,0.190,34.36,7.62
Debruijn,10,0.200,33.83,8.06
Debruijn,10,0.210,33.29,8.49
Debruijn,10,0.220,32.82,8.72
Debruijn,10,0.230,32.37,8.21
Debruijn,10,0.240,31.92,7.07
Debruijn,10,0.250,31.53,6.68
Debruijn,10,0.260,31.12,6.85
Debruijn,10,0.270,30.74,7.17
Debruijn,10,0.280,30.37,7.49
Debruijn,10,0.290,30.04,7.77
Debruijn,10,0.300,29.70,7.92
Debruijn,15,0.050,47.15,20.81
Debruijn,15,0.060,47.12,22.34
Debruijn,15,0.070,46.48,23.80
Debruijn,15,0.080,45.46,24.95
Debruijn,15,0.090,44.27,25.73
Debruijn,15,0.100,43.01,21.84
Debruijn,15,0.110,41.88,13.73
Debruijn,15,0.120,40.78,8.95
Debruijn,15,0.130,39.79,7.40
Debruijn,15,0.140,38.86,7.52
Debruijn,15,0.150,38.02,8.07
Debruijn,15,0.160,37.26,8.61
Debruijn,15,0.170,36.54,9.14
Debruijn,15,0.180,35.86,9.64
Debruijn,15,0.190,35.25,10.10
Debruijn,15,0.200,34.66,10.54
Debruijn,15,0.210,34.09,10.94
Debruijn,15,0.220,33.59,11.00
Debruijn,15,0.230,33.09,9.49
Debruijn,15,0.240,32.62,7.50
Debruijn,15,0.250,32.17,6.75
Debruijn,15,0.260,31.77,6.85
Debruijn,15,0.270,31.36,7.17
Debruijn,15,0.280,30.98,7.47
Debruijn,15,0.290,30.59,7.79
Debruijn,15,0.300,30.24,8.08
Debruijn,20,0.050,43.91,20.85
Debruijn,20,0.060,44.53,22.40
Debruijn,20,0.070,44.84,23.80
Debruijn,20,0.080,44.72,24.84
Debruijn,20,0.090,44.20,25.96
Debruijn,20,0.100,43.47,26.83
Debruijn,20,0.110,42.62,27.63
Debruijn,20,0.120,41.63,28.38
Debruijn,20,0.130,40.77,27.98
Debruijn,20,0.140,39.82,21.32
Debruijn,20,0.150,39.03,13.45
Debruijn,20,0.160,38.18,8.58
Debruijn,20,0.170,37.42,7.11
Debruijn,20,0.180,36.74,7.20
Debruijn,20,0.190,36.09,7.62
Debruijn,20,0.200,35.45,8.08
Debruijn,20,0.210,34.86,8.50
Debruijn,20,0.220,34.32,8.89
Debruijn,20,0.230,33.79,9.28
Debruijn,20,0.240,33.29,9.66
Debruijn,20,0.250,32.84,9.99
Debruijn,20,0.260,32.38,10.34
Debruijn,20,0.270,31.95,10.67
Debruijn,20,0.280,31.55,10.97
Debruijn,20,0.290,31.16,11.23
Debruijn,20,0.300,30.77,10.99
Debruijn,25,0.050,41.22,20.84
Debruijn,25,0.060,41.85,22.46
Debruijn,25,0.070,42.45,23.80
Debruijn,25,0.080,42.84,24.98
Debruijn,25,0.090,42.94,26.02
Debruijn,25,0.100,42.86,26.78
Debruijn,25,0.110,42.48,27.65
Debruijn,25,0.120,41.91,28.61
Debruijn,25,0.130,41.27,29.17
Debruijn,25,0.140,40.51,29.64
Debruijn,25,0.150,39.75,30.31
Debruijn,25,0.160,39.00,30.89
Debruijn,25,0.170,38.27,28.95
Debruijn,25,0.180,37.55,20.62
Debruijn,25,0.190,36.92,12.93
Debruijn,25,0.200,36.26,8.35
Debruijn,25,0.210,35.65,6.98
Debruijn,25,0.220,35.06,7.01
Debruijn,25,0.230,34.54,7.34
Debruijn,25,0.240,34.01,7.72
Debruijn,25,0.250,33.52,8.08
Debruijn,25,0.260,33.03,8.42
Debruijn,25,0.270,32.59,8.74
Debruijn,25,0.280,32.16,9.06
Debruijn,25,0.290,31.75,9.36
Debruijn,25,0.300,31.35,9.66
Debruijn,30,0.050,39.18,20.76
Debruijn,30,0.060,39.78,22.45
Debruijn,30,0.070,40.36,23.73
Debruijn,30,0.080,40.88,24.93
Debruijn,30,0.090,41.23,25.82
Debruijn,30,0.100,41.43,26.97
Debruijn,30,0.110,41.46,27.69
Debruijn,30,0.120,41.31,28.52
Debruijn,30,0.130,41.00,29.13
Debruijn,30,0.140,40.54,29.77
Debruijn,30,0.150,39.98,30.33
Debruijn,30,0.160,39.39,30.88
Debruijn,30,0.170,38.76,31.46
Debruijn,30,0.180,38.09,31.94
Debruijn,30,0.190,37.47,32.49
Debruijn,30,0.200,36.84,32.86
Debruijn,30,0.210,36.25,30.88
Debruijn,30,0.220,35.68,20.37
Debruijn,30,0.230,35.11,12.12
Debruijn,30,0.240,34.59,8.12
Debruijn,30,0.250,34.09,6.84
Debruijn,30,0.260,33.60,6.87
Debruijn,30,0.270,33.13,7.18
Debruijn,30,0.280,32.70,7.48
Debruijn,30,0.290,32.27,7.78
Debruijn,30,0.300,31.86,8.08
Debruijn,35,0.050,37.71,20.84
Debruijn,35,0.060,38.25,22.47
Debruijn,35,0.070,38.78,23.77
Debruijn,35,0.080,39.27,24.99
Debruijn,35,0.090,39.68,25.86
Debruijn,35,0.100,40.02,26.79
Debruijn,35,0.110,40.24,27.65
Debruijn,35,0.120,40.33,28.44
Debruijn,35,0.130,40.27,29.29
Debruijn,35,0.140,40.05,29.74
Debruijn,35,0.150,39.73,30.34
Debruijn,35,0.160,39.32,30.86
Debruijn,35,0.170,38.82,31.36
Debruijn,35,0.180,38.29,31.95
Debruijn,35,0.190,37.73,32.48
Debruijn,35,0.200,37.20,32.87
Debruijn,35,0.210,36.62,33.28
Debruijn,35,0.220,36.09,33.58
Debruijn,35,0.230,35.54,33.97
Debruijn,35,0.240,35.01,34.33
Debruijn,35,0.250,34.50,30.87
Debruijn,35,0.260,34.02,19.13
Debruijn,35,0.270,33.56,11.73
Debruijn,35,0.280,33.11,7.88
Debruijn,35,0.290,32.68,6.75
Debruijn,35,0.300,32.28,6.76
Debruijn,40,0.050,36.50,20.75
Debruijn,40,0.060,37.01,22.49
Debruijn,40,0.070,37.50,23.75
Debruijn,40,0.080,37.94,24.98
Debruijn,40,0.090,38.38,26.02
Debruijn,40,0.100,38.70,26.76
Debruijn,40,0.110,38.99,27.64
Debruijn,40,0.120,39.19,28.39
Debruijn,40,0.130,39.30,29.14
Debruijn,40,0.140,39.28,29.69
Debruijn,40,0.150,39.10,30.31
Debruijn,40,0.160,38.87,30.93
Debruijn,40,0.170,38.54,31.45
Debruijn,40,0.180,38.14,31.98
Debruijn,40,0.190,37.72,32.45
Debruijn,40,0.200,37.25,32.82
Debruijn,40,0.210,36.73,33.37
Debruijn,40,0.220,36.24,33.76
Debruijn,40,0.230,35.74,34.13
Debruijn,40,0.240,35.27,34.45
Debruijn,40,0.250,34.78,34.88
Debruijn,40,0.260,34.32,35.09
Debruijn,40,0.270,33.87,35.32
Debruijn,40,0.280,33.41,34.80
Debruijn,40,0.290,32.99,28.77
Debruijn,40,0.300,32.57,19.29
Debruijn,45,0.050,35.34,20.88
Debruijn,45,0.060,35.77,22.53
Debruijn,45,0.070,36.20,23.82
Debruijn,45,0.080,36.62,24.86
Debruijn,45,0.090,37.03,25.96
Debruijn,45,0.100,37.41,26.93
Debruijn,45,0.110,37.73,27.79
Debruijn,45,0.120,37.97,28.42
Debruijn,45,0.130,38.16,29.15
Debruijn,45,0.140,38.25,29.75
Debruijn,45,0.150,38.27,30.49
Debruijn,45,0.160,38.19,30.98
Debruijn,45,0.170,38.03,31.51
Debruijn,45,0.180,37.78,32.01
Debruijn,45,0.190,37.50,32.55
Debruijn,45,0.200,37.14,32.82
Debruijn,45,0.210,36.75,33.33
Debruijn,45,0.220,36.33,33.70
Debruijn,45,0.230,35.91,34.13
Debruijn,45,0.240,35.46,34.54
Debruijn,45,0.250,35.02,34.85
Debruijn,45,0.260,34.56,35.17
Debruijn,45,0.270,34.14,35.38
Debruijn,45,0.280,33.72,35.70
Debruijn,45,0.290,33.30,36.10
Debruijn,45,0.300,32.88,36.36
Debruijn,50,0.050,34.31,20.87
Debruijn,50,0.060,34.71,22.61
Debruijn,50,0.070,35.10,23.74
Debruijn,50,0.080,35.49,24.95
Debruijn,50,0.090,35.87,25.88
Debruijn,50,0.100,36.23,26.87
Debruijn,50,0.110,36.56,27.64
Debruijn,50,0.120,36.84,28.43
Debruijn,50,0.130,37.08,29.08
Debruijn,50,0.140,37.26,29.90
Debruijn,50,0.150,37.37,30.39
Debruijn,50,0.160,37.41,30.87
Debruijn,50,0.170,37.38,31.40
Debruijn,50,0.180,37.26,31.91
Debruijn,50,0.190,37.09,32.45
Debruijn,50,0.200,36.86,32.79
Debruijn,50,0.210,36.58,33.37
Debruijn,50,0.220,36.25,33.69
Debruijn,50,0.230,35.91,34.00
Debruijn,50,0.240,35.53,34.50
Debruijn,50,0.250,35.12,34.94
Debruijn,50,0.260,34.75,35.16
Debruijn,50,0.270,34.35,35.33
Debruijn,50,0.280,33.93,35.61
Debruijn,50,0.290,33.53,36.07
Debruijn,50,0.300,33.14,36.40
